"qNum","subject","exam","year","text","option_A","option_B","option_C","option_D","correct","explanation","trick","concept"
"1","General Intelligence & Reasoning","ssc-cgl","2023","Select the option that is related to the fifth number in the same way as the second number is related to the first number and the fourth number is related to the third number. || 19 : 34 :: 5 : 6 :: 27 : ?","50","67","52","63","A","","","Analogy (Number) — SSC CGL 2023 Jul 27 Shift 3"
"2","General Intelligence & Reasoning","ssc-cgl","2023","Select the set in which the numbers are related in the same way as are the numbers of the following set.[BR](NOTE: Operations should be performed on the whole numbers, without breaking down the numbers into its constituent digits.)[BR](4, 3, 16)[BR](6, 4, 28)","(5, 2, 49)","(8, 2, 20)","(8, 1, 18)","(3, 2, 12)","B","","","Number Set Analogy — SSC CGL 2023 Jul 27 Shift 3"
"3","General Intelligence & Reasoning","ssc-cgl","2023","Which two signs should be interchanged to make the given equation correct?[BR]171 ÷ 3 − 16 + 72 × 412 = 572","× and −","÷ and −","÷ and +","− and +","A","","","Mathematical Operations (Sign Interchange) — SSC CGL 2023 Jul 27 Shift 3"
"4","General Intelligence & Reasoning","ssc-cgl","2023","Three of the following four letter-clusters are alike in a certain way and one is different. Pick the odd one out.","EBV","GET","BYY","JGQ","B","","","Odd One Out (Letters) — SSC CGL 2023 Jul 27 Shift 3"
"5","General Intelligence & Reasoning","ssc-cgl","2023","Which two signs should be interchanged to make the given equation correct?[BR]17 × 4 + 6 ÷ 2 − 27 = 92","+ and ×","÷ and ×","+ and −","÷ and +","C","","","Mathematical Operations (Sign Interchange) — SSC CGL 2023 Jul 27 Shift 3"
"6","General Intelligence & Reasoning","ssc-cgl","2023","Which letter-cluster will replace the question mark (?) to complete the given series? || PQST, TOVS, ?, BKBO, FIEP","XMYR","XYRM","YNZQ","XNYQ","A","","","Series (Letter Cluster) — SSC CGL 2023 Jul 27 Shift 3"
"7","General Intelligence & Reasoning","ssc-cgl","2023","'E + B' means 'E is the husband of B'[BR]'E − B' means 'E is the daughter of B'[BR]'E $ B' means 'E is the father of B'[BR]'E # B' means 'E is the mother of B'[BR][BR]If 'N + D # Z $ B', then how is N related to B?","N is the paternal grandfather of B","N is the mother-in-law of B","N is the paternal grandmother of B","N is the maternal grandmother of B","A","","","Blood Relations (Coded) — SSC CGL 2023 Jul 27 Shift 3"
"8","General Intelligence & Reasoning","ssc-cgl","2023","In this question, three statements are given, followed by two conclusions numbered I and II. Assuming the statements to be true, even if they seem to be at variance with commonly known facts, decide which of the conclusions logically follows/follow from the statements. || Statements:[BR]I. Some rings are fingers.[BR]II. Some fingers are toes.[BR]III. No toe is an earring.[BR][BR]Conclusions:[BR]I. No earring is a ring.[BR]II. Some toes are rings.","Neither conclusion I nor II follows","Only conclusion II follows","Only conclusion I follows","Both conclusions I and II follow","A","","","Syllogism — SSC CGL 2023 Jul 27 Shift 3"
"9","General Intelligence & Reasoning","ssc-cgl","2023","Select the option that represents the letters that, when placed from left to right in the following blanks, will complete the letter-series. || S _ U C T S R _ _ T _ R U E _ S R _ _ T","RUESTVG","RVDSTUF","RUDSTUF","RVESTUF","C","","","Series (Letter) — SSC CGL 2023 Jul 27 Shift 3"
"10","General Intelligence & Reasoning","ssc-cgl","2023","[FIGURE-BASED] Select the figure that will come in place of the question mark (?) in the following figure series.","(figure 1)","(figure 2)","(figure 3)","(figure 4)","D","","","Figure Series — SSC CGL 2023 Jul 27 Shift 3"
"11","General Intelligence & Reasoning","ssc-cgl","2023","Select the option that is related to the third word in the same way as the second word is related to the first word.[BR](The words must be considered as meaningful English words and must not be related to each other based on the number of letters/number of consonants/vowels in the word.) || India : Royal Bengal Tiger :: Australia : ?","Horse","Dragon","Kangaroo","Elephant","C","","","Analogy (Word) — SSC CGL 2023 Jul 27 Shift 3"
"12","General Intelligence & Reasoning","ssc-cgl","2023","[FIGURE-BASED] Select the figure that will come next in the following figure series.","(figure 1)","(figure 2)","(figure 3)","(figure 4)","D","","","Figure Series — SSC CGL 2023 Jul 27 Shift 3"
"13","General Intelligence & Reasoning","ssc-cgl","2023","Which of the following numbers will replace the question mark (?) in the given series? || 11, 36, ?, 121, 185, 266","68","72","70","63","B","","","Series (Number) — SSC CGL 2023 Jul 27 Shift 3"
"14","General Intelligence & Reasoning","ssc-cgl","2023","In a certain code language, 'FARM' is coded as HDTP and 'EGGS' is coded as GJIV. How will 'FOOD' be coded in the same language?","HIQQG","GRQH","HRQG","HQRG","C","","","Coding-Decoding — SSC CGL 2023 Jul 27 Shift 3"
"15","General Intelligence & Reasoning","ssc-cgl","2023","[FIGURE-BASED] Select the option in which the given figure is embedded (rotation is NOT allowed).","(figure 1)","(figure 2)","(figure 3)","(figure 4)","D","","","Embedded Figures — SSC CGL 2023 Jul 27 Shift 3"
"16","General Intelligence & Reasoning","ssc-cgl","2023","Select the set in which the numbers are related in the same way as are the numbers of the given set.[BR](NOTE: Operations should be performed on the whole numbers, without breaking down the numbers into its constituent digits. For example: 13 – Operations on 13 such as adding/subtracting/multiplying etc. to 13 can be performed. Breaking down 13 into 1 and 3 and then performing mathematical operations on 1 and 3 is not allowed.)[BR](13, 17, 23)[BR](8, 12, 18)","(17, 21, 15)","(18, 22, 28)","(11, 15, 23)","(5, 9, 16)","B","","","Number Set Analogy — SSC CGL 2023 Jul 27 Shift 3"
"17","General Intelligence & Reasoning","ssc-cgl","2023","[FIGURE-BASED] Select the correct mirror image of the given figure when the mirror is placed at AB.","(figure 1)","(figure 2)","(figure 3)","(figure 4)","A","","","Mirror Image — SSC CGL 2023 Jul 27 Shift 3"
"18","General Intelligence & Reasoning","ssc-cgl","2023","Select the correct combination of mathematical signs to sequentially replace the * signs and balance the given equation. || 7 * 5 * 4 * 2 * 3 * 7","÷, −, +, ×, =","+, −, ÷, −, =","÷, +, ÷, +, =","−, ÷, +, ×, =","B","","","Mathematical Operations (Sign Placement) — SSC CGL 2023 Jul 27 Shift 3"
"19","General Intelligence & Reasoning","ssc-cgl","2023","Select the option that is related to the fifth letter-cluster in the same way as the second letter-cluster is related to the first letter-cluster and the fourth letter-cluster is related to the third letter cluster. || COMFORT : FMOCTRO :: DIGNITY : NGIDYTI :: FOREIGN : ?","EROFNGI","ROFNGIE","EROFIGN","EFORNGI","A","","","Analogy (Letter Cluster) — SSC CGL 2023 Jul 27 Shift 3"
"20","General Intelligence & Reasoning","ssc-cgl","2023","Select the option that represents the letters that, when sequentially placed from left to right in the blanks below, will complete the letter series. || L _ _ RALMT _ _ _ TRALM _ R","TRMALMTA","MRTLAMTA","MTRALMTA","MTRLAMTA","C","","","Series (Letter) — SSC CGL 2023 Jul 27 Shift 3"
"21","General Intelligence & Reasoning","ssc-cgl","2023","[FIGURE-BASED] Which of the answer figures is the exact mirror image of the given problem figure when the mirror is held at the right side?","(figure 1)","(figure 2)","(figure 3)","(figure 4)","B","","","Mirror Image — SSC CGL 2023 Jul 27 Shift 3"
"22","General Intelligence & Reasoning","ssc-cgl","2023","In this question, three statements are given, followed by two conclusions numbered I and II. Assuming the statements to be true, even if they seem to be at variance with commonly known facts, decide which of the conclusions logically follows/follow from the statements. || Statements:[BR]I. No streak is a line.[BR]II. Some lines are bands.[BR]III. All bands are flashes.[BR][BR]Conclusions:[BR]I. Some flashes are streaks.[BR]II. No flash is a line.","Only conclusion I follows","Both conclusions I and II follow","Only conclusion II follows","Neither conclusion I nor II follows","D","","","Syllogism — SSC CGL 2023 Jul 27 Shift 3"
"23","General Intelligence & Reasoning","ssc-cgl","2023","Select the set in which the numbers are related in the same way as are the numbers of the following sets.[BR](NOTE: Operations should be performed on the whole numbers, without breaking down the numbers into its constituent digits. For example: 13 – Operations on 13 such as adding/subtracting/multiplying etc. to 13 can be performed. Breaking down 13 into 1 and 3 and then performing mathematical operations on 1 and 3 is not allowed.)[BR](239, 127, 212)[BR](96, 64, 132)","(262, 132, 240)","(140, 76, 181)","(167, 89, 178)","(110, 91, 159)","C","","","Number Set Analogy — SSC CGL 2023 Jul 27 Shift 3"
"24","General Intelligence & Reasoning","ssc-cgl","2023","[FIGURE-BASED] Which of the answer figures is the exact mirror image of the given problem figure when the mirror is held at the right side?","(figure 1)","(figure 2)","(figure 3)","(figure 4)","B","","","Mirror Image — SSC CGL 2023 Jul 27 Shift 3"
"25","General Intelligence & Reasoning","ssc-cgl","2023","Select the option that is related to the fifth letter-cluster in the same way as the second letter-cluster is related to the first letter-cluster and the fourth letter-cluster is related to the third letter-cluster. || HEROES : LVBLBW :: INVEST : FRZBWX :: KIDNAP : ?","MUTYRS","LOBCSA","OFHRXT","AWSLPO","C","","","Analogy (Letter Cluster) — SSC CGL 2023 Jul 27 Shift 3"
"26","General Awareness","ssc-cgl","2023","The Shevaroy Hills are located in which state of India?","Chhattisgarh","Odisha","Rajasthan","Tamil Nadu","D","","","Geography (Hills & Mountains) — SSC CGL 2023 Jul 27 Shift 3"
"27","General Awareness","ssc-cgl","2023","In India, who among the following has the power to pardon, reprieve or commute the punishment of any criminal?","Prime Minister","Attorney General of India","President","Vice-President","C","","","Polity (Constitutional Powers) — SSC CGL 2023 Jul 27 Shift 3"
"28","General Awareness","ssc-cgl","2023","The ""Nalacharitam"" play is associated with which Indian dance form?","Kathak","Kathakali","Sattriya","Odissi","B","","","Art & Culture (Classical Dance) — SSC CGL 2023 Jul 27 Shift 3"
"29","General Awareness","ssc-cgl","2023","The President of which country attended the first Republic Day celebrations of India as its chief guest?","Bhutan","Indonesia","China","Japan","B","","","History (Republic Day) — SSC CGL 2023 Jul 27 Shift 3"
"30","General Awareness","ssc-cgl","2023","Which of the following pair of compound – melting point is correct?[BR]I. Acetic acid – 290K[BR]II. Ethanol – 156K","Only I","Both I and II","Neither I nor II","Only II","B","","","Chemistry (Melting Points) — SSC CGL 2023 Jul 27 Shift 3"
"31","General Awareness","ssc-cgl","2023","In India, what type of unemployment is created due to lack of employable skills among the educated youths in India?","Structural unemployment","Educated unemployment","Cyclical unemployment","Technological unemployment","B","","","Economy (Unemployment) — SSC CGL 2023 Jul 27 Shift 3"
"32","General Awareness","ssc-cgl","2023","Indian boxers __________ won gold medals at the 73rd Strandja Memorial Boxing Tournament, held in Sofia, Bulgaria in February 2022.","Manju Rani (52 kg) and Nitu (48 kg)","Nikhat Zareen (52 kg) and Nitu (48 kg)","Nikhat Zareen (52 kg) and Pooja Rani (48 kg)","Manju Rani (52 kg) and Pooja Rani (48 kg)","B","","","Current Affairs (Sports) — SSC CGL 2023 Jul 27 Shift 3"
"33","General Awareness","ssc-cgl","2023","Who was associated with the foundation of the Fergusson College?","Dadabhai Naoroji","Gopal Krishna Gokhale","Lajpat Rai","Bal Gangadhar Tilak","D","","","History (Educational Institutions) — SSC CGL 2023 Jul 27 Shift 3"
"34","General Awareness","ssc-cgl","2023","Name the Bhakti Saint from South India who was initially a Jaina and a minister in the court of a Chalukya king in the twelfth century.","Karaikkal Ammaiyar","Basavanna","Eknath","Tallapaka Annamacharya","B","","","History (Bhakti Movement) — SSC CGL 2023 Jul 27 Shift 3"
"35","General Awareness","ssc-cgl","2023","Which amendment of Indian Constitution removed the right to property from the list of fundamental rights?","41st","42nd","43rd","44th","D","","","Polity (Constitutional Amendments) — SSC CGL 2023 Jul 27 Shift 3"
"36","General Awareness","ssc-cgl","2023","Who was the founder of Benaras Gharana of Kathak?","Ishwari Prasad","Shambhu Maharaj","Raja Chakradhar Singh","Janaki Prasad","D","","","Art & Culture (Classical Dance) — SSC CGL 2023 Jul 27 Shift 3"
"37","General Awareness","ssc-cgl","2023","What happens to the guard cells when water flows into them?","The guard cells close.","Stomatal pores open.","Stomatal pores shrink.","Stomatal pores close.","B","","","Biology (Plant Physiology) — SSC CGL 2023 Jul 27 Shift 3"
"38","General Awareness","ssc-cgl","2023","The question consists of two statements, namely, Assertion (A) and Reason (R). Use them to choose the correct alternative.[BR][BR]Assertion (A): During the British rule, India's exports exceeded the imports leading to surplus of balance of trade.[BR]Reason (R): The surplus of balance of trade was used for growth and development of India.","Both A and R are true, and R is the correct explanation of A","Both A and R are true, but R is not the correct explanation of A","A is false but R is true","A is true and R is false","D","","","Economy (Colonial Economy) — SSC CGL 2023 Jul 27 Shift 3"
"39","General Awareness","ssc-cgl","2023","The Mauryan pillar capital found at ________ is popularly known as the Lion Capital.","Bhabru","Bairat","Sanchi","Sarnath","D","","","History (Mauryan Architecture) — SSC CGL 2023 Jul 27 Shift 3"
"40","General Awareness","ssc-cgl","2023","How many engines drive 'PM Gati Shakti', a project launched by the central government with an aim to revolutionise infrastructure in India?","Two","Seven","Nine","Four","B","","","Current Affairs (Government Schemes) — SSC CGL 2023 Jul 27 Shift 3"
"41","General Awareness","ssc-cgl","2023","Where is the National Dope Testing Laboratory located?","Mumbai","Bangalore","Punjab","New Delhi","D","","","Sports (Institutions) — SSC CGL 2023 Jul 27 Shift 3"
"42","General Awareness","ssc-cgl","2023","Pandit Ram Narayan was associated with which of the following instruments?","Ghatam","Tabla","Bansuri","Sarangi","D","","","Art & Culture (Classical Music) — SSC CGL 2023 Jul 27 Shift 3"
"43","General Awareness","ssc-cgl","2023","In January 2022, the Supreme Court conferred daughters with equal right to the father's property even prior to codification of Hindu Personal Laws and enactment of the Hindu Succession Act in ________.","1959","1952","1947","1956","D","","","Polity (Legal/Judicial) — SSC CGL 2023 Jul 27 Shift 3"
"44","General Awareness","ssc-cgl","2023","Who coined the term 'zeroth law of thermodynamics' in 1931, which asserts that two bodies in equilibrium with a third are in equilibrium with each other?","James Clerk Maxwell","Max Planck","Josiah Willard Gibbs","Ralph H Fowler","D","","","Physics (Thermodynamics) — SSC CGL 2023 Jul 27 Shift 3"
"45","General Awareness","ssc-cgl","2023","Which of the following is NOT included in capital receipts?","Foreign aid","Taxes","Recovery of loans","Borrowings","B","","","Economy (Government Budget) — SSC CGL 2023 Jul 27 Shift 3"
"46","General Awareness","ssc-cgl","2023","What is the name of the portal launched by the Government in 2022 that aims to ease the loan application and disbursement process by the applicant?","Swayatta","Jan Samarth","E-Shram","Yukti","B","","","Current Affairs (Government Portals) — SSC CGL 2023 Jul 27 Shift 3"
"47","General Awareness","ssc-cgl","2023","In which year did Narendra Modi propose to celebrate a day for yoga as 'International Day of Yoga' while speaking at the United Nations General Assembly?","2013","2015","2016","2014","D","","","Current Affairs (International Day of Yoga) — SSC CGL 2023 Jul 27 Shift 3"
"48","General Awareness","ssc-cgl","2023","What would happen if the difference in pressure in Tahiti was negative?","Above average late monsoon","Drought","Below average and late monsoon","Above average and early monsoon","C","","","Geography (Climate & El Nino) — SSC CGL 2023 Jul 27 Shift 3"
"49","General Awareness","ssc-cgl","2023","In which year was an approach and program named Joint Forest Management (JFM) launched in the context of National Forest Policy?","1965","1988","1996","1947","B","","","Environment (Forest Policy) — SSC CGL 2023 Jul 27 Shift 3"
"50","General Awareness","ssc-cgl","2023","Which Session of Congress and Muslim League reached an understanding of creating a joint front against the British regime?","Bombay","Allahabad","Lucknow","Delhi","C","","","History (Freedom Struggle) — SSC CGL 2023 Jul 27 Shift 3"
"51","Quantitative Aptitude","ssc-cgl","2023","If the measure of one angle of a right triangle is 30° more than the measure of the smallest angle, then the measure of the smallest angle is:","90°","60°","30°","75°","C","","","Geometry (Triangles) — SSC CGL 2023 Jul 27 Shift 3"
"52","Quantitative Aptitude","ssc-cgl","2023","How many of the following numbers are divisible by 3 but NOT by 9?[BR]5826, 5964, 6039, 6336, 6489, 6564, 6867 and 6960","5","3","4","6","C","","","Number System (Divisibility) — SSC CGL 2023 Jul 27 Shift 3"
"53","Quantitative Aptitude","ssc-cgl","2023","[FIGURE-BASED] The distribution of monthly expenditure of Ramesh on various items is shown in the following pie chart.[BR]If the monthly income of Ramesh is ₹45,000, then find his total monthly expenditure (in ₹) on housing and transportation.","16,800","15,750","11,250","13,500","B","","","Data Interpretation (Pie Chart) — SSC CGL 2023 Jul 27 Shift 3"
"54","Quantitative Aptitude","ssc-cgl","2023","The sum of the cubes of two given natural numbers is 9728, while the sum of the two given numbers is 32. What is the positive difference between the cubes of the two given numbers?","6272","5832","4662","7904","A","","","Algebra (Cubes) — SSC CGL 2023 Jul 27 Shift 3"
"55","Quantitative Aptitude","ssc-cgl","2023","A circular arc whose radius is 4 cm makes an angle 45° at the centre. Find the perimeter of the sector formed.[BR](Take π = 22/7)","78/7 cm","72/7 cm","74/7 cm","76/7 cm","A","","","Mensuration (Sector) — SSC CGL 2023 Jul 27 Shift 3"
"56","Quantitative Aptitude","ssc-cgl","2023","Which number among 11368, 11638, 11863 and 12638 is divisible by 11?","11368","12638","11638","11863","C","","","Number System (Divisibility by 11) — SSC CGL 2023 Jul 27 Shift 3"
"57","Quantitative Aptitude","ssc-cgl","2023","The curved surface area of a right circular cylinder of height 56 cm is 1408 cm². Find the diameter of the base of the cylinder.","8 m","0.04 m","0.08 m","0.008 m","C","","","Mensuration (Cylinder) — SSC CGL 2023 Jul 27 Shift 3"
"58","Quantitative Aptitude","ssc-cgl","2023","Select the correct statement about the properties of a triangle.","The sum of two sides may be equal to the third side.","The sum of two sides is always equal to the third side.","The sum of two sides is always greater than the third side.","The sum of two sides is always less than the third side.","C","","","Geometry (Triangle Properties) — SSC CGL 2023 Jul 27 Shift 3"
"59","Quantitative Aptitude","ssc-cgl","2023","Sara can finish a work in 18 days and Tara can complete the same work in 15 days. Tara worked for 10 days and left the job. In how many days can Sara finish the remaining work alone?","6","7","8","5","A","","","Time & Work — SSC CGL 2023 Jul 27 Shift 3"
"60","Quantitative Aptitude","ssc-cgl","2023","If x + 1/x = 6, and x > 1, find the value of x² − 1/x².","18√2","30√2","24√2","12√10","C","","","Algebra (Identities) — SSC CGL 2023 Jul 27 Shift 3"
"61","Quantitative Aptitude","ssc-cgl","2023","The third proportional to 7 and 63 is:","576","567","441","625","B","","","Ratio & Proportion — SSC CGL 2023 Jul 27 Shift 3"
"62","Quantitative Aptitude","ssc-cgl","2023","40 men can complete a work in 30 days. However, if 10 men leave the group, how many days will the group take to complete the work?","40","35","45","50","A","","","Time & Work — SSC CGL 2023 Jul 27 Shift 3"
"63","Quantitative Aptitude","ssc-cgl","2023","If the cost price of 28 oranges is equal to selling price of 24 oranges, then the profit percentage is:","16⅔%","16⅓%","18⅔%","18⅓%","A","","","Profit & Loss — SSC CGL 2023 Jul 27 Shift 3"
"64","Quantitative Aptitude","ssc-cgl","2023","A 252 m long train is running at a speed of 125 km/h. What is the time (in seconds) in which it will pass a man who starts from the engine running at the speed of 17 km/h in the same direction as that of the train?","7.6","8","8.4","6.4","C","","","Speed, Time & Distance (Trains) — SSC CGL 2023 Jul 27 Shift 3"
"65","Quantitative Aptitude","ssc-cgl","2023","If tan⁴θ + tan²θ = 1, what is the value of 11(cos⁴θ + cos²θ)?","−11","8","0","11","D","","","Trigonometry (Identities) — SSC CGL 2023 Jul 27 Shift 3"
"66","Quantitative Aptitude","ssc-cgl","2023","Evaluate the following:[BR]√(2 + √(2 + √(2 + 2cos80°)))","2 cos θ","2 cos 2θ","2 sin 2θ","cos 2θ","A","","","Trigonometry (Nested Radicals) — SSC CGL 2023 Jul 27 Shift 3"
"67","Quantitative Aptitude","ssc-cgl","2023","Simplify the expression:[BR](7.35 × 7.35 − 2.25 × 2.25) ÷ 0.24","204","320","225","304","A","","","Simplification — SSC CGL 2023 Jul 27 Shift 3"
"68","Quantitative Aptitude","ssc-cgl","2023","Avinash's monthly salary is ₹50,000 and his monthly expenditure is ₹18,000. Radha's monthly salary is ₹60,000 and her monthly expenditure is ₹24,000. Find the ratio of Radha's savings to Avinash's savings.","9 : 8","9 : 7","6 : 5","8 : 7","A","","","Ratio & Proportion — SSC CGL 2023 Jul 27 Shift 3"
"69","Quantitative Aptitude","ssc-cgl","2023","A can finish a job in 8 hours and B can finish the same job in 12 hours independently. If they work simultaneously, in how many hours can they do the same job?","4.8","3.7","4.5","3.2","A","","","Time & Work — SSC CGL 2023 Jul 27 Shift 3"
"70","Quantitative Aptitude","ssc-cgl","2023","[FIGURE-BASED] The following pie charts show the data of the number of appeared and passed students of class 12 in sections A, B, C, D and E.[BR]How many students failed in Section C?","250","200","300","400","C","","","Data Interpretation (Pie Chart) — SSC CGL 2023 Jul 27 Shift 3"
"71","Quantitative Aptitude","ssc-cgl","2023","In a circular path of 600 m, Pankaj and Rohit start walking in opposite directions from the same point at the speeds of 2.85 m/s and 5.4 km/h, respectively. After how many minutes will they meet for the first time? (Rounded off to one decimal point)","3.2","2.3","2.7","4.7","B","","","Speed, Time & Distance (Circular Track) — SSC CGL 2023 Jul 27 Shift 3"
"72","Quantitative Aptitude","ssc-cgl","2023","The average of all prime numbers between 32 and 69 is:","52.5","60","51","56.5","C","","","Number System (Primes & Average) — SSC CGL 2023 Jul 27 Shift 3"
"73","Quantitative Aptitude","ssc-cgl","2023","If 7 cot P = 24, then find sin P.","625/7","24/25","49/625","7/25","D","","","Trigonometry (Ratios) — SSC CGL 2023 Jul 27 Shift 3"
"74","Quantitative Aptitude","ssc-cgl","2023","In what time will ₹3,720 amount to ₹5,282.4 at 12% simple interest per annum?","3 years","3½ years","5½ years","5 years","B","","","Simple Interest — SSC CGL 2023 Jul 27 Shift 3"
"75","Quantitative Aptitude","ssc-cgl","2023","Ram can complete a piece work in 15 days, Rohan in 25 days, and Rohit in 30 days. Rohan and Rohit worked together for 2 days and then Rohit was replaced by Ram. In how many days altogether was the work completed?","10 days","8 days","12 days","7 days","A","","","Time & Work — SSC CGL 2023 Jul 27 Shift 3"
"76","English","ssc-cgl","2023","Select the most appropriate option that can substitute the underlined segment in the given sentence.[BR]Polyethylene terephthalate, one of the most often recycled plastics and the material used in the majority of water and soda bottles, <u>can be transformed</u> into everything from polyester fabric to automotive parts.","might be placed","might be evolved","may be converted","may be devaluated","C","","","Error Spotting / Sentence Improvement — SSC CGL 2023 Jul 27 Shift 3"
"77","English","ssc-cgl","2023","Select the most appropriate synonym of the underlined word.[BR]I have thus far sketched the events of my life, but I have not shown how much I have depended on books not only for pleasure and for the <u>wisdom</u> they bring to all who read, but also for that knowledge which comes to others through their eyes and their ears.","clarity","folly","insight","emotion","C","","","Vocabulary (Synonyms) — SSC CGL 2023 Jul 27 Shift 3"
"78","English","ssc-cgl","2023","Select the option that expresses the given sentence in active voice.[BR]The deer was killed by the boar.","The deer killed the boar.","The boar was killing the deer.","The boar was killed by the deer.","The boar killed the deer.","D","","","Grammar (Active/Passive Voice) — SSC CGL 2023 Jul 27 Shift 3"
"79","English","ssc-cgl","2023","Select the most appropriate option to fill in the blank.[BR]She could easily eat the ______ biryani by herself.","haul","whole","hall","hole","B","","","Vocabulary (Homophones/Fill in the Blank) — SSC CGL 2023 Jul 27 Shift 3"
"80","English","ssc-cgl","2023","Select the option that can be used as a one-word substitute for the given group of words.[BR]A place where airplanes are kept for maintenance","Hanger","Scullery","Hangar","Aviary","C","","","Vocabulary (One Word Substitution) — SSC CGL 2023 Jul 27 Shift 3"
"81","English","ssc-cgl","2023","The following sentence has been split into four segments. Identify the segment that contains a grammatical error. || It can / get extreme cold / during / the winters.","the winters","during","It can","get extreme cold","D","","","Grammar (Error Detection) — SSC CGL 2023 Jul 27 Shift 3"
"82","English","ssc-cgl","2023","Select the INCORRECTLY spelt word.","Dearth","Acceptible","Corrupt","Barely","B","","","Spelling — SSC CGL 2023 Jul 27 Shift 3"
"83","English","ssc-cgl","2023","Select the INCORRECTLY spelt word.","Sufficeint","Syrup","Superior","Shrubbery","A","","","Spelling — SSC CGL 2023 Jul 27 Shift 3"
"84","English","ssc-cgl","2023","Select the most appropriate ANTONYM of the underlined word.[BR]My niece is an <u>amateur</u> artist. I hope she becomes famous one day.","Boring","Freelancing","Expert","Decent","C","","","Vocabulary (Antonyms) — SSC CGL 2023 Jul 27 Shift 3"
"85","English","ssc-cgl","2023","Select the most appropriate option to substitute the underlined segment in the given sentence.[BR]The secretary to my boss is very efficient as he not only gives him the required information <u>and also handles</u> correspondence independently.","yet also handles","but also handles","along with also handles","not also handles","B","","","Grammar (Connectors/Sentence Improvement) — SSC CGL 2023 Jul 27 Shift 3"
"86","English","ssc-cgl","2023","Sentences of a paragraph are given below in jumbled order. Arrange the sentences in the correct order to form a meaningful and coherent paragraph. || A. My grandmother always went to school with me because the school was attached to the temple.[BR]B. When we both finished, we would be back together.[BR]C. While the children sat in rows on either side of the verandah singing the alphabet or prayer in chorus, my grandmother sat inside reading the scriptures.[BR]D. The priest taught us the alphabet and the morning prayer.","ACBD","ABDC","ADCB","ADBC","C","","","Para Jumbles — SSC CGL 2023 Jul 27 Shift 3"
"87","English","ssc-cgl","2023","Select the most appropriate synonym to substitute the underlined word.[BR]The weather forecast mentioned that there would be a <u>cloud burst</u> this afternoon.","rainstorm","sandstorm","famine","snowfall","A","","","Vocabulary (Synonyms) — SSC CGL 2023 Jul 27 Shift 3"
"88","English","ssc-cgl","2023","Select the most appropriate option to fill in the blank.[BR]Keats and Shelly were poets of the same period; in other words, they were ________.","contemporaries","co-writers","colleagues","associates","A","","","Vocabulary (Fill in the Blank) — SSC CGL 2023 Jul 27 Shift 3"
"89","English","ssc-cgl","2023","Select the most appropriate meaning of the given idiom.[BR]Get up on the wrong side of the bed","Someone who is having a horrible day","Destroy or ruin a plan","Someone who is having a good day","Go to bed or go to sleep","A","","","Idioms & Phrases — SSC CGL 2023 Jul 27 Shift 3"
"90","English","ssc-cgl","2023","Identify the option that can be substituted as the correct idiom for the underlined part of the given sentence.[BR]My cousin sister Neetu had an <u>aerial view</u> of the trade fair from the top of the giant wheel.","A bird in the gilded cage","Bird's eye view","Birds of same feather","Bird brain","B","","","Idioms & Phrases — SSC CGL 2023 Jul 27 Shift 3"
"91","English","ssc-cgl","2023","Sentences of a paragraph are given below in jumbled order. Arrange the sentences in the correct order to form a meaningful and coherent paragraph. || A. He later tried to franchise his restaurant.[BR]B. Colonel Harland Sanders' real-life story of being disappointed numerous times in his life and still making his ambition come true late in life is truly motivating.[BR]C. He began selling chicken at the age of 40, but his dream of opening a restaurant was repeatedly denied owing to conflicts and wars.[BR]D. He is a seventh-grade dropout who tried many things in life but found them bitter.","BCDA","BDCA","BDAC","BACD","B","","","Para Jumbles — SSC CGL 2023 Jul 27 Shift 3"
"92","English","ssc-cgl","2023","Select the option that expresses the given sentence in passive voice.[BR]We are organising the charity function tomorrow.","The charity function is been organised tomorrow.","The charity function is being organised tomorrow.","The charity function is being organise tomorrow.","The charity function is organised tomorrow.","B","","","Grammar (Active/Passive Voice) — SSC CGL 2023 Jul 27 Shift 3"
"93","English","ssc-cgl","2023","Identify the option that arranges the given parts in the correct order to form a meaningful and coherent paragraph. || A. In Shakespeare's hands, English drama[BR]B. that first shone forth in his early history plays[BR]C. William Shakespeare is considered as the greatest dramatist and poet of English language.[BR]D. achieved a matchless brilliance","d, b, a, c","a, b, c, d","c, a, d, b","b, c, a, d","C","","","Para Jumbles — SSC CGL 2023 Jul 27 Shift 3"
"94","English","ssc-cgl","2023","Select the most appropriate ANTONYM of the word 'Naive' from the given sentence.[BR]After years of working in politics, she had become cynical and jaded, convinced that all politicians were corrupt and that the system was rigged against the people.","Jaded","Corrupt","Cynical","Convinced","C","","","Vocabulary (Antonyms in Context) — SSC CGL 2023 Jul 27 Shift 3"
"95","English","ssc-cgl","2023","Select the most appropriate phrasal verb to fill in the blank.[BR]The driver very subtly __________ the traffic violation he committed.","ironed through","ironed in","ironed out","ironed aside","C","","","Vocabulary (Phrasal Verbs) — SSC CGL 2023 Jul 27 Shift 3"
"96","English","ssc-cgl","2023","PASSAGE (Q96–Q100): Colonialism had a great impact on the lives of the aboriginal Australians who were eventually (1) ______ by the whites with all power and privilege. The colonisers turned their land into rubbish pits and (2) ______ sites for their own betterment. The aborigines were often (3) ______ as sub-humans with low status and dirty habits. The whites not only displaced the tribes off their homeland but also (4) ______ the beauty and balance of the natural world. An increase in deforestation and destruction of traditional land led (5) ______ like emu, eagle, and kangaroo, among many others to dwindle over time. || Select the most appropriate option to fill in blank number 1.","caught","understood","subjugated","raised","C","","","Cloze Test — SSC CGL 2023 Jul 27 Shift 3"
"97","English","ssc-cgl","2023","PASSAGE (Q96–Q100): Colonialism had a great impact on the lives of the aboriginal Australians who were eventually (1) ______ by the whites with all power and privilege. The colonisers turned their land into rubbish pits and (2) ______ sites for their own betterment. The aborigines were often (3) ______ as sub-humans with low status and dirty habits. The whites not only displaced the tribes off their homeland but also (4) ______ the beauty and balance of the natural world. An increase in deforestation and destruction of traditional land led (5) ______ like emu, eagle, and kangaroo, among many others to dwindle over time. || Select the most appropriate option to fill in blank number 2.","dating","construction","halting","recreation","B","","","Cloze Test — SSC CGL 2023 Jul 27 Shift 3"
"98","English","ssc-cgl","2023","PASSAGE (Q96–Q100): Colonialism had a great impact on the lives of the aboriginal Australians who were eventually (1) ______ by the whites with all power and privilege. The colonisers turned their land into rubbish pits and (2) ______ sites for their own betterment. The aborigines were often (3) ______ as sub-humans with low status and dirty habits. The whites not only displaced the tribes off their homeland but also (4) ______ the beauty and balance of the natural world. An increase in deforestation and destruction of traditional land led (5) ______ like emu, eagle, and kangaroo, among many others to dwindle over time. || Select the most appropriate option to fill in blank number 3.","created","perceived","received","led","B","","","Cloze Test — SSC CGL 2023 Jul 27 Shift 3"
"99","English","ssc-cgl","2023","PASSAGE (Q96–Q100): Colonialism had a great impact on the lives of the aboriginal Australians who were eventually (1) ______ by the whites with all power and privilege. The colonisers turned their land into rubbish pits and (2) ______ sites for their own betterment. The aborigines were often (3) ______ as sub-humans with low status and dirty habits. The whites not only displaced the tribes off their homeland but also (4) ______ the beauty and balance of the natural world. An increase in deforestation and destruction of traditional land led (5) ______ like emu, eagle, and kangaroo, among many others to dwindle over time. || Select the most appropriate option to fill in blank number 4.","destroyed","climbed","utilised","fed","A","","","Cloze Test — SSC CGL 2023 Jul 27 Shift 3"
"100","English","ssc-cgl","2023","PASSAGE (Q96–Q100): Colonialism had a great impact on the lives of the aboriginal Australians who were eventually (1) ______ by the whites with all power and privilege. The colonisers turned their land into rubbish pits and (2) ______ sites for their own betterment. The aborigines were often (3) ______ as sub-humans with low status and dirty habits. The whites not only displaced the tribes off their homeland but also (4) ______ the beauty and balance of the natural world. An increase in deforestation and destruction of traditional land led (5) ______ like emu, eagle, and kangaroo, among many others to dwindle over time. || Select the most appropriate option to fill in blank number 5.","fauna","pets","thugs","homies","A","","","Cloze Test — SSC CGL 2023 Jul 27 Shift 3"
